Brand;Product Type;Who;Price;MRP;Savings;Discount %;Rating;Total Ratings Given
NIKE;shoes;men;2216;3693.33;1477;40.0;4.2;54006
Layasa;shoes;men;379;997.37;618;62.0;4.0;13792
YONEX;shoes;men;1919;2998.44;1079;36.0;4.3;1298
ADIDAS;shoes;men;1499;2498.33;999;40.0;4.2;3904
PUMA;shoes;men;2050;3474.58;1424;41.0;4.2;194
ADIDAS;shoes;men;2279;3798.33;1519;40.0;4.2;319
FILA;shoes;men;1047;2492.86;1445;58.0;4.1;886
SPARX;shoes;men;1328;1681.01;353;21.0;4.3;2000
Xylus;shoes;men;359;997.22;638;64.0;3.8;4854
Skechers;shoes;men;2493;4298.28;1805;42.0;4.4;879
PUMA;shoes;men;1571;2964.15;1393;47.0;4.1;1216
CAMPUS;shoes;men;911;1283.1;372;29.0;4.1;1066
ADIDAS;shoes;men;1637;2683.61;1046;39.0;4.2;904
BEEROCK;shoes;men;474;987.5;513;52.0;4.0;148763
CAMPUS;shoes;men;999;1040.62;41;4.0;4.2;80643
CAMPUS;shoes;men;1259;1678.67;419;25.0;4.1;5121
Density;shoes;men;449;997.78;548;55.0;4.1;114548
PROVOGUE;shoes;men;899;1798.0;899;50.0;4.2;2508
CAMPUS;shoes;men;911;1283.1;372;29.0;4.1;1067
REEBOK;shoes;men;1932;3577.78;1645;46.0;4.2;1359
NIKE;shoes;men;2216;3693.33;1477;40.0;4.2;54010
NIKE;shoes;men;5057;7901.56;2844;36.0;4.1;735
BIRDE;shoes;men;498;1464.71;966;66.0;3.9;445
PUMA;shoes;men;2238;5458.54;3220;59.0;4.2;213
Skechers;shoes;men;2499;4998.0;2499;50.0;4.4;1593
ADIDAS;shoes;men;1585;3234.69;1649;51.0;4.1;3735
ADIDAS;shoes;men;1875;4934.21;3059;62.0;4.2;1104
asics;shoes;men;4399;7998.18;3599;45.0;4.7;6
PUMA;shoes;men;2104;4893.02;2789;57.0;4.2;662
aadi;shoes;men;474;1975.0;1501;76.0;4.0;50790
ADIDAS;shoes;men;1579;3289.58;1710;52.0;4.1;3735
CAMPUS;shoes;men;1169;1498.72;329;22.0;4.2;5616
REEBOK;shoes;men;2199;3998.18;1799;45.0;4.2;611
ADIDAS;shoes;men;2100;5526.32;3426;62.0;4.1;190
PERFECTX;shoes;men;479;798.33;319;40.0;3.8;239
CAMPUS;shoes;men;854;898.95;44;5.0;4.2;244
ADIDAS;shoes;men;1875;4934.21;3059;62.0;4.2;1103
ADIDAS;shoes;men;1958;3995.92;2037;51.0;4.1;1870
PUMA;shoes;men;1376;3931.43;2555;65.0;4.2;14293
PUMA;shoes;men;3269;5735.09;2466;43.0;4.3;125
DUCATI;shoes;men;1329;3797.14;2468;65.0;4.2;228
NIKE;shoes;men;6495;6495.0;0;0.0;4.5;1126
REEBOK;shoes;men;1679;2798.33;1119;40.0;4.5;22
ADIDAS;shoes;men;1799;2998.33;1199;40.0;4.2;1816
DUCATI;shoes;men;1329;3797.14;2468;65.0;3.9;497
NIKE;shoes;men;4717;8900.0;4183;47.0;4.0;93
Chevit;shoes;men;664;2553.85;1889;74.0;3.9;17
REEBOK;shoes;men;1760;2983.05;1223;41.0;4.0;1131
ADIDAS;shoes;men;1455;2969.39;1514;51.0;4.2;7651
ADIDAS;shoes;men;2800;5957.45;3157;53.0;3.9;424
ADIDAS;shoes;men;1784;3964.44;2180;55.0;4.1;3762
asics;shoes;men;2298;4419.23;2121;48.0;4.2;5239
REEBOK;shoes;men;1766;3098.25;1332;43.0;4.3;311
WOODLAND;shoes;men;3395;3994.12;599;15.0;4.7;11
CAMPUS;shoes;men;1614;1698.95;84;5.0;4.1;218
CAMPUS;shoes;men;2279;2398.95;119;5.0;4.0;38
YONEX;shoes;men;1881;3243.1;1362;42.0;4.3;251
aadi;shoes;men;402;1914.29;1512;79.0;3.9;527
asics;shoes;men;2374;3956.67;1582;40.0;4.1;36
ASIAN;shoes;men;849;1286.36;437;34.0;4.1;34266
NIKE;shoes;men;2586;3694.29;1108;30.0;4.2;130
CAMPUS;shoes;men;1043;1198.85;155;13.0;4.1;2242
PUMA;shoes;men;2401;5456.82;3055;56.0;4.2;11
CAMPUS;shoes;men;895;1297.1;402;31.0;4.1;7024
PUMA;shoes;men;3380;7860.47;4480;57.0;4.2;183
JACK;shoes;men;1124;2957.89;1833;62.0;4.2;1632
CAMPUS;shoes;men;809;898.89;89;10.0;4.3;799
CAMPUS;shoes;men;1274;1498.82;224;15.0;4.1;1786
SEGA;shoes;men;614;944.62;330;35.0;4.0;9503
ADIDAS;shoes;men;2399;3998.33;1599;40.0;4.1;78
MILESWALKER;shoes;men;279;996.43;717;72.0;3.7;56100
ADIDAS;shoes;men;1875;3750.0;1875;50.0;4.2;8902
Skechers;shoes;men;2149;4997.67;2848;57.0;4.4;1289
PUMA;shoes;men;2141;4979.07;2838;57.0;4.2;715
CAMPUS;shoes;men;805;1045.45;240;23.0;4.1;2707
Abisto;shoes;men;265;490.74;225;46.0;3.6;1102
JACK;shoes;men;1393;3482.5;2089;60.0;4.0;751
PUMA;shoes;men;1697;3946.51;2249;57.0;4.0;1584
JACK;shoes;men;1124;2957.89;1833;62.0;4.2;3299
Magnolia;shoes;men;426;990.7;564;57.0;3.9;3452
Skechers;shoes;men;2149;4997.67;2848;57.0;4.4;841
FILA;shoes;men;1681;2898.28;1217;42.0;4.1;1002
ADIDAS;shoes;men;1336;2672.0;1336;50.0;4.2;2509
JACK;shoes;men;1128;2968.42;1840;62.0;4.2;3299
PUMA;shoes;men;1922;3922.45;2000;51.0;4.2;496
NIKE;shoes;men;2487;4441.07;1954;44.0;4.2;258
PUMA;shoes;men;1625;3963.41;2338;59.0;4.1;1041
Wildcraft;shoes;men;1680;3574.47;1894;53.0;4.2;11767
CAMPUS;shoes;men;909;1298.57;389;30.0;4.2;8982
SPARX;shoes;men;740;891.57;151;17.0;4.2;2313
YONEX;shoes;men;3014;4861.29;1847;38.0;4.3;120
asics;shoes;men;2399;3998.33;1599;40.0;4.5;75
ASIAN;shoes;men;831;989.29;158;16.0;4.0;17070
ADIDAS;shoes;men;1597;2661.67;1064;40.0;4.2;2509
YONEX;shoes;men;2018;3104.62;1086;35.0;4.0;1112
PUMA;shoes;men;1730;3460.0;1730;50.0;4.3;614
ADIDAS;shoes;men;4911;4960.61;49;1.0;4.5;13
RED;shoes;men;1209;5037.5;3828;76.0;4.2;5313
RED;shoes;men;1182;5139.13;3957;77.0;3.8;1093
Layasa;shoes;kid;298;993.33;695;70.0;4.0;2814
ASIAN;shoes;kid;499;548.35;49;9.0;4.1;3836
MOUNTREXO;shoes;kid;440;977.78;537;55.0;3.6;32
BAUCHHAAR;shoes;kid;350;972.22;622;64.0;3.8;1044
SHOETOPIA;shoes;kid;699;998.57;299;30.0;4.1;22
ADIDAS;shoes;kid;1984;3968.0;1984;50.0;4.1;39
SMARTOTS;shoes;kid;399;687.93;288;42.0;3.8;2701
OWN;shoes;kid;295;983.33;688;70.0;3.6;288
Miss;shoes;kid;579;1996.55;1417;71.0;4.1;46
REEBOK;shoes;kid;2280;3737.7;1457;39.0;4.3;28
BUNNIES;shoes;kid;411;495.18;84;17.0;4.0;996
GaurLax;shoes;kid;549;1098.0;549;50.0;3.6;16
NIKE;shoes;kid;1598;3716.28;2118;57.0;3.2;23
ADIDAS;shoes;kid;1293;2938.64;1645;56.0;4.4;65
CAMPUS;shoes;kid;599;599.0;0;0.0;4.2;157
Orbit;shoes;kid;629;998.41;369;37.0;3.9;124
Radhika;shoes;kid;369;997.3;628;63.0;4.3;25
ADIDAS;shoes;kid;1943;4518.6;2575;57.0;4.5;51
KIPSTA;shoes;kid;854;993.02;139;14.0;3.8;274
Skymate;shoes;kid;389;598.46;209;35.0;4.1;1280
LITTLE;shoes;kid;474;987.5;513;52.0;3.8;396
CAMPUS;shoes;kid;849;849.0;0;0.0;4.2;70
Bubblegummers;shoes;kid;237;395.0;158;40.0;4.4;160
NIKE;shoes;kid;1729;3758.7;2029;54.0;4.4;43
Elevarse;shoes;kid;329;498.48;169;34.0;3.8;9
Layasa;shoes;kid;449;997.78;548;55.0;4.0;5423
ASIAN;shoes;kid;899;1096.34;197;18.0;4.1;755
BeBe;shoes;kid;673;2588.46;1915;74.0;3.9;76
Billion;shoes;kid;499;998.0;499;50.0;4.2;91
BAUCHHAAR;shoes;kid;499;998.0;499;50.0;4.1;23
Fashion;shoes;kid;599;998.33;399;40.0;3.9;166
CLARK;shoes;kid;335;985.29;650;66.0;3.8;438
NEOBABY;shoes;kid;260;490.57;230;47.0;4.1;1236
vikeno;shoes;kid;528;996.23;468;47.0;4.0;64
Bubblegummers;shoes;kid;249;249.0;0;0.0;3.0;2
SMARTOTS;shoes;kid;549;1098.0;549;50.0;4.3;15
ASIAN;shoes;kid;539;598.89;59;10.0;4.2;142
BODAM;shoes;kid;449;1548.28;1099;71.0;3.9;185
CAMPUS;shoes;kid;499;499.0;0;0.0;4.3;71
Miss;shoes;kid;439;1995.45;1556;78.0;4.2;151
Miss;shoes;kid;599;1497.5;898;60.0;4.4;82
CAMPUS;shoes;kid;1399;1399.0;0;0.0;4.3;44
REEBOK;shoes;kid;1636;3990.24;2354;59.0;4.6;21
ATHLETIC;shoes;kid;806;3358.33;2552;76.0;3.4;20
Miss;shoes;kid;365;1921.05;1556;81.0;4.1;181
Extavo;shoes;kid;399;498.75;99;20.0;4.1;907
PUMA;shoes;kid;1321;3476.32;2155;62.0;4.4;134
Bata;shoes;kid;1299;1299.0;0;0.0;4.2;33
ADIDAS;shoes;kid;1259;3597.14;2338;65.0;3.9;29
BARBIE;shoes;kid;699;998.57;299;30.0;4.5;15
SUSON;shoes;kid;348;994.29;646;65.0;4.0;186
BARBIE;shoes;kid;989;2247.73;1258;56.0;4.3;41
NEOBABY;shoes;kid;260;962.96;702;73.0;4.1;2287
LNG;shoes;kid;999;1998.0;999;50.0;3.8;58
Vintex;shoes;kid;336;988.24;652;66.0;4.2;80
Spiderman;shoes;kid;333;1280.77;947;74.0;3.8;86
Miss;shoes;kid;557;1989.29;1432;72.0;4.0;24
ADIDAS;shoes;kid;1570;3568.18;1998;56.0;4.4;72
ADIDAS;shoes;kid;2518;4937.25;2419;49.0;4.1;27
ESSENCE;shoes;kid;499;998.0;499;50.0;4.0;174
ADIDAS;shoes;kid;3689;5589.39;1900;34.0;4.7;13
ACTION;shoes;kid;699;998.57;299;30.0;4.1;588
LUCA;shoes;kid;764;898.82;134;15.0;4.4;8
Edee;shoes;kid;260;1083.33;823;76.0;3.9;70
Miss;shoes;kid;399;687.93;288;42.0;3.9;156
vikeno;shoes;kid;410;976.19;566;58.0;4.2;24
REEBOK;shoes;kid;1344;2584.62;1240;48.0;4.3;21
SPARX;shoes;kid;799;799.0;0;0.0;3.8;12
J0YJ0;shoes;kid;399;687.93;288;42.0;3.9;924
NEOBABY;shoes;kid;255;398.44;143;36.0;3.9;92
Avengers;shoes;kid;953;1798.11;845;47.0;4.1;207
CAMPUS;shoes;kid;599;599.0;0;0.0;4.4;31
Unistar;shoes;kid;349;396.59;47;12.0;3.8;16
ESSENCE;shoes;kid;499;998.0;499;50.0;4.2;70
LETS;shoes;kid;429;498.84;69;14.0;4.0;647
CAMPUS;shoes;kid;450;450.0;0;0.0;4.4;21
Ap'pulse;tshirt;women;629;1747.22;1118;64.0;4.2;1439
ADIDAS;tshirt;women;799;1192.54;393;33.0;4.2;67
PUMA;tshirt;women;536;1276.19;740;58.0;4.1;71
ADIDAS;tshirt;women;635;894.37;259;29.0;4.1;697
REEBOK;tshirt;women;884;892.93;8;1.0;4.4;182
PUMA;tshirt;women;1499;1499.0;0;0.0;3.9;25
Reifica;tshirt;women;404;985.37;581;59.0;4.2;15089
REEBOK;tshirt;women;583;988.14;405;41.0;4.0;233
ADIDAS;tshirt;women;887;1385.94;498;36.0;4.1;76
PUMA;tshirt;women;553;1286.05;733;57.0;3.9;482
ADIDAS;tshirt;women;882;1191.89;309;26.0;4.3;49
MODEVE;tshirt;women;719;1382.69;663;48.0;4.2;8116
NIKE;tshirt;women;783;991.14;208;21.0;4.0;181
Ap'pulse;tshirt;women;521;1042.0;521;50.0;4.1;6206
New;tshirt;women;1013;2470.73;1457;59.0;4.4;23
asics;tshirt;women;1397;1995.71;598;30.0;4.5;13
ADIDAS;tshirt;women;1599;1599.0;0;0.0;4.1;14
NIKE;tshirt;women;1470;1484.85;14;1.0;4.2;18
Ap'pulse;tshirt;women;359;997.22;638;64.0;4.0;135
MODEVE;tshirt;women;539;998.15;459;46.0;4.1;489
ADIDAS;tshirt;women;627;895.71;268;30.0;4.1;772
REEBOK;tshirt;women;1154;1697.06;543;32.0;4.9;9
ADIDAS;tshirt;women;1275;1287.88;12;1.0;4.1;29
REEBOK;tshirt;women;1060;1092.78;32;3.0;4.4;17
NIKE;tshirt;women;1177;1489.87;312;21.0;4.4;57
PUMA;tshirt;women;683;1484.78;801;54.0;4.2;199
REEBOK;tshirt;women;942;1290.41;348;27.0;4.2;256
ADIDAS;tshirt;women;817;1571.15;754;48.0;4.2;115
PUMA;tshirt;women;1461;2981.63;1520;51.0;4.1;9
REEBOK;tshirt;women;1079;1089.9;10;1.0;4.5;14
CHKOKKO;tshirt;women;549;1193.48;644;54.0;4.0;409
PUMA;tshirt;women;730;1489.8;759;51.0;4.0;80
ADIDAS;tshirt;women;744;992.0;248;25.0;4.4;43
S-BEAST;tshirt;women;364;983.78;619;63.0;4.3;3
ADIDAS;tshirt;women;854;1293.94;439;34.0;4.5;26
UNDER;tshirt;women;1423;2790.2;1367;49.0;4.0;8
ADIDAS;tshirt;women;1092;1495.89;403;27.0;3.8;36
Clovia;tshirt;women;431;897.92;466;52.0;4.5;12
Wildcraft;tshirt;women;576;1175.51;599;51.0;4.4;229
REEBOK;tshirt;women;1199;1199.0;0;0.0;4.8;9
ADIDAS;tshirt;women;1472;1486.87;14;1.0;4.3;18
ALCIS;tshirt;women;450;882.35;432;49.0;4.4;17
CHKOKKO;tshirt;women;446;1173.68;727;62.0;4.0;150
Ajile;tshirt;women;324;498.46;174;35.0;4.2;292
NIKE;tshirt;women;1230;1983.87;753;38.0;4.7;29
Ap'pulse;tshirt;women;359;797.78;438;55.0;4.2;108
Clovia;tshirt;women;315;984.38;669;68.0;4.1;27
New;tshirt;women;898;1995.56;1097;55.0;3.6;5
asics;tshirt;women;685;1397.96;712;51.0;4.2;30
Ap'pulse;tshirt;women;539;1197.78;658;55.0;4.0;341
Enamor;tshirt;women;549;549.0;0;0.0;4.1;8
Ajile;tshirt;women;454;698.46;244;35.0;4.2;93
REEBOK;tshirt;women;748;1496.0;748;50.0;3.9;137
PUMA;tshirt;women;1055;1788.14;733;41.0;3.8;60
CHKOKKO;tshirt;women;449;997.78;548;55.0;3.8;249
PUMA;tshirt;women;1472;1486.87;14;1.0;3.9;25
D-passion;tshirt;women;399;798.0;399;50.0;3.4;17
asics;tshirt;women;1397;1995.71;598;30.0;4.6;10
REEBOK;tshirt;women;1483;2180.88;697;32.0;4.3;7
UNDER;tshirt;women;1931;3940.82;2009;51.0;4.6;10
REEBOK;tshirt;women;539;898.33;359;40.0;4.0;94
kipa;tshirt;women;299;786.84;487;62.0;3.9;124
PEOPLE;tshirt;women;440;785.71;345;44.0;4.0;156
JOCKEY;tshirt;women;479;515.05;36;7.0;4.3;826
MODEVE;tshirt;women;799;1377.59;578;42.0;4.2;8115
DSWS;tshirt;women;299;786.84;487;62.0;4.2;6
LAYA;tshirt;women;349;742.55;393;53.0;4.0;1304
Enamor;tshirt;women;549;549.0;0;0.0;4.3;4
REEBOK;tshirt;women;649;998.46;349;35.0;4.4;44
Reifica;tshirt;women;445;1589.29;1144;72.0;4.2;844
REEBOK;tshirt;women;1290;1984.62;694;35.0;4.7;3
Ap'pulse;tshirt;women;539;1585.29;1046;66.0;4.3;695
Zelocity;tshirt;women;626;894.29;268;30.0;3.5;4
PUMA;tshirt;women;1766;1783.84;17;1.0;4.2;5
ADIDAS;tshirt;women;1799;1799.0;0;0.0;4.6;52
LAYA;tshirt;women;299;695.35;396;57.0;4.0;316
Reifica;tshirt;women;425;1574.07;1149;73.0;4.2;844
asics;tshirt;women;1725;2782.26;1057;38.0;4.0;9
Ap'pulse;tshirt;women;539;1585.29;1046;66.0;4.0;152
asics;tshirt;women;637;1274.0;637;50.0;4.2;30
PUMA;tshirt;women;1006;2453.66;1447;59.0;3.8;9
Ap'pulse;tshirt;women;296;528.57;232;44.0;4.1;3905
REEBOK;tshirt;women;539;898.33;359;40.0;4.2;41
ADRENEX;tshirt;men;899;899.0;0;0.0;4.3;8
ADRENEX;tshirt;men;359;897.5;538;60.0;4.0;215
ADRENEX;tshirt;men;999;999.0;0;0.0;4.3;39
PUMA;tshirt;men;719;1497.92;778;52.0;3.8;195
REEBOK;tshirt;men;635;1198.11;563;47.0;4.2;141
NIKE;tshirt;men;1310;1794.52;484;27.0;5.0;6
ADIDAS;tshirt;men;1599;1599.0;0;0.0;4.0;49
REEBOK;tshirt;men;729;1278.95;549;43.0;4.0;373
Zesteez;tshirt;men;582;986.44;404;41.0;4.4;16
ADRENEX;tshirt;men;439;1097.5;658;60.0;4.5;136
M7;tshirt;men;515;1197.67;682;57.0;3.7;26
PUMA;tshirt;men;799;1598.0;799;50.0;4.2;1741
ADIDAS;tshirt;men;749;998.67;249;25.0;4.2;863
ADIDAS;tshirt;men;1049;1979.25;930;47.0;4.0;231
ADRENEX;tshirt;men;359;897.5;538;60.0;4.0;301
ADIDAS;tshirt;men;1499;1499.0;0;0.0;4.1;83
NIKE;tshirt;men;1164;1594.52;430;27.0;4.5;82
PUMA;tshirt;men;1004;1498.51;494;33.0;4.1;341
NIKE;tshirt;men;1310;1794.52;484;27.0;4.2;126
ADIDAS;tshirt;men;1049;1589.39;540;34.0;3.3;55
M7;tshirt;men;479;997.92;518;52.0;3.8;98
REEBOK;tshirt;men;599;1497.5;898;60.0;4.2;80
REEBOK;tshirt;men;1499;1499.0;0;0.0;4.4;10
Wildcraft;tshirt;men;749;1498.0;749;50.0;4.3;103
REEBOK;tshirt;men;736;1098.51;362;33.0;3.9;671
REEBOK;tshirt;men;713;1398.04;685;49.0;3.9;99
FILA;tshirt;men;569;1497.37;928;62.0;4.1;174
Casotec;tshirt;men;249;691.67;442;64.0;3.8;267
ADIDAS;tshirt;men;1004;1498.51;494;33.0;3.9;82
ADRENEX;tshirt;men;359;897.5;538;60.0;4.0;142
asics;tshirt;men;696;1697.56;1001;59.0;4.1;56
ADIDAS;tshirt;men;639;1597.5;958;60.0;4.0;157
NIKE;tshirt;men;647;1294.0;647;50.0;4.1;414
NIKE;tshirt;men;972;1593.44;621;39.0;4.5;44
ADRENEX;tshirt;men;399;997.5;598;60.0;4.3;55
Wrogn;tshirt;men;624;1273.47;649;51.0;4.2;11
REEBOK;tshirt;men;729;1278.95;549;43.0;4.3;31
ADIDAS;tshirt;men;1049;1979.25;930;47.0;4.1;173
ADIDAS;tshirt;men;953;1798.11;845;47.0;4.3;32
REEBOK;tshirt;men;1199;1998.33;799;40.0;3.9;62
NIKE;tshirt;men;1310;1794.52;484;27.0;3.3;3
ADIDAS;tshirt;men;1049;1979.25;930;47.0;4.1;63
PUMA;tshirt;men;623;1297.92;674;52.0;4.2;223
ADIDAS;tshirt;men;1199;1998.33;799;40.0;4.1;573
PUMA;tshirt;men;719;1797.5;1078;60.0;3.8;85
WOMINK;tshirt;men;379;881.4;502;57.0;4.3;52
REEBOK;tshirt;men;674;1497.78;823;55.0;4.0;43
AWG;tshirt;men;757;2523.33;1766;70.0;3.7;25265
ADIDAS;tshirt;men;799;1997.5;1198;60.0;3.9;204
ADIDAS;tshirt;men;999;2497.5;1498;60.0;4.5;15
M7;tshirt;men;343;797.67;454;57.0;4.3;358
ADIDAS;tshirt;men;799;1997.5;1198;60.0;4.2;42
NIKE;tshirt;men;1296;1993.85;697;35.0;3.9;33
REEBOK;tshirt;men;1540;2298.51;758;33.0;4.5;17
ADIDAS;tshirt;men;1339;1998.51;659;33.0;3.9;90
ADIDAS;tshirt;men;1049;1589.39;540;34.0;4.2;341
REEBOK;tshirt;men;629;998.41;369;37.0;4.1;534
PUMA;tshirt;men;863;1797.92;934;52.0;4.0;408
ADIDAS;tshirt;men;719;1797.5;1078;60.0;4.0;73
Delta;tshirt;men;426;990.7;564;57.0;4.0;159
NIKE;tshirt;men;1894;2594.52;700;27.0;3.8;17
asics;tshirt;men;1299;1299.0;0;0.0;4.7;11
UNDER;tshirt;men;1589;2998.11;1409;47.0;3.8;4
Wildcraft;tshirt;men;429;997.67;568;57.0;4.2;191
REEBOK;tshirt;men;582;1098.11;516;47.0;4.0;290
PUMA;tshirt;men;1049;1777.97;728;41.0;4.0;1227
NIKE;tshirt;men;1456;1994.52;538;27.0;4.1;17
PUMA;tshirt;men;1379;2298.33;919;40.0;3.8;4
NIKE;tshirt;men;747;1494.0;747;50.0;4.0;123
U.S.;tshirt;men;1138;1698.51;560;33.0;4.1;11
NIKE;tshirt;men;1049;1477.46;428;29.0;4.1;35
REEBOK;tshirt;men;736;1098.51;362;33.0;4.2;284
Wildcraft;tshirt;men;689;1497.83;808;54.0;3.9;239
ADIDAS;tshirt;men;1049;1979.25;930;47.0;4.1;134
NIKE;tshirt;men;929;1290.28;361;28.0;4.1;283
ADIDAS;tshirt;men;953;1798.11;845;47.0;3.9;71
ADIDAS;tshirt;men;1483;2798.11;1315;47.0;4.1;74
PUMA;tshirt;men;683;1797.37;1114;62.0;4.1;170
ADIDAS;tshirt;men;741;1398.11;657;47.0;4.2;299
REEBOK;tshirt;men;699;1092.19;393;36.0;4.1;179
ARMISTO;tshirt;men;599;894.03;295;33.0;4.0;211
REEBOK;tshirt;men;1049;1979.25;930;47.0;4.0;67
UNIQ;tshirt;kid;299;695.35;396;57.0;4.2;9
QiDDO;tshirt;kid;640;800.0;160;20.0;4.0;8
UNIQ;tshirt;kid;349;793.18;444;56.0;3.2;6
UNIQ;tshirt;kid;359;690.38;331;48.0;4.2;1590
yellowvibes;tshirt;kid;522;984.91;462;47.0;3.9;36
UNIQ;tshirt;kid;349;793.18;444;56.0;3.7;28
IZON;tshirt;kid;347;694.0;347;50.0;5.0;3
ALCIS;tshirt;kid;479;798.33;319;40.0;3.7;7
T10;tshirt;kid;699;699.0;0;0.0;3.7;3
UNIQ;tshirt;kid;349;793.18;444;56.0;4.1;19
IZON;tshirt;kid;347;694.0;347;50.0;3.8;56
UNIQ;tshirt;kid;479;997.92;518;52.0;3.7;295
QiDDO;tshirt;kid;560;700.0;140;20.0;3.8;4
T10;tshirt;kid;498;691.67;193;28.0;3.8;16
ALCIS;tshirt;kid;359;598.33;239;40.0;3.0;4
UNIQ;tshirt;kid;599;894.03;295;33.0;4.7;3
T10;tshirt;kid;698;997.14;299;30.0;3.6;22
UNIQ;tshirt;kid;399;886.67;487;55.0;3.0;1
IZON;tshirt;kid;356;791.11;435;55.0;3.6;51
UNIQ;tshirt;kid;349;997.14;648;65.0;3.5;67
Hium;tshirt;kid;249;996.0;747;75.0;3.6;5
ICABLE;tshirt;kid;251;1255.0;1004;80.0;3.9;39
chimprala;tshirt;kid;439;1219.44;780;64.0;4.0;3
UNIQ;tshirt;kid;379;881.4;502;57.0;3.7;11
Decathlon;tshirt;kid;664;698.95;34;5.0;4.5;4
Ariel;tshirt;kid;399;643.55;244;38.0;4.4;51
UNIQ;tshirt;kid;639;1083.05;444;41.0;4.0;2
UNIQ;tshirt;kid;619;1085.96;466;43.0;3.9;33
chimprala;tshirt;kid;439;1219.44;780;64.0;5.0;1
MSP;tshirt;kid;219;421.15;202;48.0;3.8;13
ALCIS;tshirt;kid;299;498.33;199;40.0;4.5;4
chimprala;tshirt;kid;439;1219.44;780;64.0;4.5;6
ICABLE;tshirt;kid;242;1273.68;1031;81.0;3.9;39
OBOW;tshirt;kid;299;695.35;396;57.0;4.4;21
UNIQ;tshirt;kid;639;1083.05;444;41.0;4.5;10
GAP;tshirt;kid;239;796.67;557;70.0;3.9;11
UNIQ;tshirt;kid;599;894.03;295;33.0;5.0;1
UNIQ;tshirt;kid;399;886.67;487;55.0;3.8;5
PUMA;tshirt;kid;899;1498.33;599;40.0;4.5;138
Lee;glasses;women;389;1296.67;907;70.0;4.1;897
SBE;glasses;women;349;498.57;149;30.0;3.9;153
D-Patron;glasses;women;599;2218.52;1619;73.0;4.1;43
VAST;glasses;women;799;2959.26;2160;73.0;3.1;10
Singco;glasses;women;239;1493.75;1254;84.0;3.9;1568
ADRENEX;glasses;women;629;2995.24;2366;79.0;3.6;48
GANSTA;glasses;women;395;2468.75;2073;84.0;3.9;18
PC;glasses;women;161;947.06;786;83.0;4.0;5
NuVew;glasses;women;348;1023.53;675;66.0;3.7;360
Style;glasses;women;399;997.5;598;60.0;3.8;13
Mundkar;glasses;women;244;497.96;253;51.0;3.3;35
Johaena;glasses;women;179;1052.94;873;83.0;3.8;1452
Style;glasses;women;303;977.42;674;69.0;4.0;21
PC;glasses;women;632;1469.77;837;57.0;4.0;2
Resist;glasses;women;761;2454.84;1693;69.0;3.9;58
MOISH;glasses;women;399;1287.1;888;69.0;3.6;9
PC;glasses;women;305;983.87;678;69.0;4.5;11
Freny;glasses;women;299;1495.0;1196;80.0;3.6;14
Irayz;glasses;women;349;997.14;648;65.0;4.0;11
NuVew;glasses;women;345;907.89;562;62.0;3.6;1947
Freny;glasses;women;249;1464.71;1215;83.0;3.6;14
Fair-x;glasses;women;359;1495.83;1136;76.0;3.7;10
VAST;glasses;women;365;1659.09;1294;78.0;3.3;26
SP;glasses;women;199;585.29;386;66.0;3.2;15
D-Patron;glasses;women;249;1245.0;996;80.0;4.0;37
hipe;glasses;women;229;1431.25;1202;84.0;3.2;103
eyevy;glasses;women;197;492.5;295;60.0;3.6;27
eyevy;glasses;women;219;995.45;776;78.0;4.0;174
PC;glasses;women;158;987.5;829;84.0;4.0;5
Lee;glasses;women;299;1993.33;1694;85.0;3.6;36
TheWhoop;glasses;women;235;1068.18;833;78.0;4.0;7
MOISH;glasses;women;284;1183.33;899;76.0;4.0;53
Oneclickshopping;glasses;women;699;1294.44;595;46.0;3.5;11
Mango;glasses;women;284;591.67;307;52.0;3.7;7
eyevy;glasses;women;219;995.45;776;78.0;3.8;11
SunTap;glasses;women;399;1662.5;1263;76.0;3.0;3
GLAND;glasses;women;206;1084.21;878;81.0;3.7;30
MOISH;glasses;women;328;1171.43;843;72.0;3.2;19
Arzonai;glasses;women;220;1294.12;1074;83.0;3.5;28
De-Ultimate;glasses;women;295;398.65;103;26.0;3.7;20
TASHAN;glasses;women;350;492.96;142;29.0;3.0;1
MOISH;glasses;women;286;1191.67;905;76.0;3.1;15
Fixoria;glasses;women;189;675.0;486;72.0;3.5;6
VAST;glasses;women;799;2959.26;2160;73.0;3.1;10
MOISH;glasses;women;358;1193.33;835;70.0;3.5;69
ARUNIMA;sleeper;men;299;996.67;697;70.0;3.4;24
SUSON;sleeper;men;198;495.0;297;60.0;4.0;1453
D;sleeper;men;529;545.36;16;3.0;4.6;13
RN;sleeper;men;330;687.5;357;52.0;3.4;2391
D;sleeper;men;529;545.36;16;3.0;3.9;8
ARUNIMA;sleeper;men;312;975.0;663;68.0;3.4;19
ARUNIMA;sleeper;men;239;995.83;756;76.0;4.4;11
ARUNIMA;sleeper;men;299;996.67;697;70.0;3.3;25
RN;sleeper;men;339;691.84;352;51.0;3.4;2391
ARUNIMA;sleeper;men;345;985.71;640;65.0;3.4;19
ARUNIMA;sleeper;men;312;975.0;663;68.0;3.3;25
ARUNIMA;sleeper;men;299;996.67;697;70.0;3.6;10
ARUNIMA;sleeper;men;279;996.43;717;72.0;3.4;19
Monoction;sleeper;men;199;497.5;298;60.0;3.7;92
BAHAMAS;sleeper;men;348;497.14;149;30.0;4.2;77
Sole;sleeper;men;569;598.95;29;5.0;4.1;2907
Relieco;sleeper;men;239;497.92;258;52.0;3.8;261
Adda;sleeper;men;429;429.0;0;0.0;4.1;255
Elecant;sleeper;men;261;492.45;231;47.0;4.2;5
Adda;sleeper;men;649;649.0;0;0.0;4.4;444
CROCS;sleeper;men;1596;1995.0;399;20.0;4.2;964
Adda;sleeper;men;399;399.0;0;0.0;4.1;151
PUMA;sleeper;men;1119;2486.67;1367;55.0;4.2;3963
BUDDIES;sleeper;men;309;498.39;189;38.0;3.3;12
Begone;sleeper;men;229;497.83;268;54.0;3.7;434
BIZAZO;sleeper;men;438;796.36;358;45.0;3.7;28
Burner;sleeper;men;236;786.67;550;70.0;3.4;11
PeniLo;sleeper;men;349;997.14;648;65.0;3.6;1933
BUDDIES;sleeper;men;279;498.21;219;44.0;3.3;3
VRITRAZ;sleeper;men;550;797.1;247;31.0;4.3;12
Begone;sleeper;men;229;497.83;268;54.0;3.7;434
BUDDIES;sleeper;men;499;891.07;392;44.0;3.8;118
Adda;sleeper;men;399;498.75;99;20.0;3.9;308
THE;sleeper;men;199;398.0;199;50.0;3.8;14
Relieco;sleeper;men;389;793.88;404;51.0;3.3;33
HYTECH;sleeper;men;323;496.92;173;35.0;3.4;14
RN;sleeper;men;310;688.89;378;55.0;3.4;2391
NXGEN;sleeper;women;283;975.86;692;71.0;4.3;153
Adda;sleeper;women;375;375.0;0;0.0;4.2;3314
SPORTER;sleeper;women;399;498.75;99;20.0;4.0;343
BEBE;sleeper;women;1048;3493.33;2445;70.0;4.0;29
Adda;sleeper;women;339;339.0;0;0.0;4.3;5318
HYTECH;sleeper;women;349;498.57;149;30.0;4.0;82
LOTTO;sleeper;women;299;498.33;199;40.0;3.8;16
IRSOE;sleeper;women;349;498.57;149;30.0;3.7;365
Shop;glasses;kid;249;711.43;462;65.0;4.1;9
Soku;glasses;kid;259;681.58;422;62.0;3.2;5
PuthaK;glasses;kid;188;494.74;306;62.0;4.7;10
PuthaK;glasses;kid;169;497.06;328;66.0;3.9;7
PuthaK;glasses;kid;169;497.06;328;66.0;3.8;14
ADRENEX;shirt;men;899;899.0;0;0.0;4.3;8
ADRENEX;shirt;men;999;999.0;0;0.0;4.3;39
ADIDAS;shirt;men;749;998.67;249;25.0;4.1;1308
REEBOK;shirt;men;729;1278.95;549;43.0;4.0;373
REEBOK;shirt;men;674;898.67;224;25.0;4.1;307
ADRENEX;shirt;men;359;897.5;538;60.0;4.0;215
NIKE;shirt;men;1310;1794.52;484;27.0;5.0;6
ADIDAS;shirt;men;1599;1599.0;0;0.0;4.0;49
RUSE;shirt;men;539;1197.78;658;55.0;4.1;16
ALCIS;shirt;men;500;980.39;480;49.0;4.1;158
REEBOK;shirt;men;529;998.11;469;47.0;4.0;139
PUMA;shirt;men;999;1998.0;999;50.0;4.1;471
PUMA;shirt;men;969;1490.77;521;35.0;4.3;35
PUMA;shirt;men;1004;1498.51;494;33.0;4.1;342
NIKE;shirt;men;1310;1794.52;484;27.0;4.2;126
ADIDAS;shirt;men;1049;1589.39;540;34.0;3.3;55
M7;shirt;men;479;997.92;518;52.0;3.8;98
REEBOK;shirt;men;599;1497.5;898;60.0;4.2;80
REEBOK;shirt;men;1499;1499.0;0;0.0;4.4;10
Arrow;shirt;men;759;1997.37;1238;62.0;4.1;18
REEBOK;shirt;men;736;1098.51;362;33.0;3.9;671
REEBOK;shirt;men;713;1398.04;685;49.0;3.9;99
NIKE;shirt;men;1310;1794.52;484;27.0;4.2;20
FILA;shirt;men;569;1497.37;928;62.0;4.1;174
ADRENEX;shirt;men;672;1371.43;699;51.0;4.0;19
FILA;shirt;men;539;1497.22;958;64.0;4.0;86
ADRENEX;shirt;men;359;897.5;538;60.0;4.0;142
asics;shirt;men;696;1697.56;1001;59.0;4.1;56
VAN;shirt;men;1049;1498.57;449;30.0;4.3;109
Arrow;shirt;men;949;1898.0;949;50.0;4.0;193
ADRENEX;shirt;men;399;997.5;598;60.0;4.3;55
ADIDAS;shirt;men;794;1498.11;704;47.0;3.9;170
ADIDAS;shirt;men;1049;1979.25;930;47.0;4.1;173
ADIDAS;shirt;men;953;1798.11;845;47.0;4.3;32
M7;shirt;men;430;977.27;547;56.0;4.2;138
NIKE;shirt;men;972;1593.44;621;39.0;4.0;26
REEBOK;shirt;men;1199;1998.33;799;40.0;3.9;62
NIKE;shirt;men;1310;1794.52;484;27.0;3.3;3
ADIDAS;shirt;men;1324;2498.11;1174;47.0;4.1;224
ADIDAS;shirt;men;1049;1979.25;930;47.0;4.1;63
AWG;shirt;men;757;2523.33;1766;70.0;3.7;25265
REEBOK;shirt;men;599;1497.5;898;60.0;3.8;100
ADIDAS;shirt;men;1199;1998.33;799;40.0;4.1;573
ADIDAS;shirt;men;937;1398.51;461;33.0;3.8;345
PUMA;shirt;men;719;1797.5;1078;60.0;3.8;85
ADIDAS;shirt;men;999;2497.5;1498;60.0;3.6;10
M7;shirt;men;343;797.67;454;57.0;4.3;358
REEBOK;shirt;men;674;1497.78;823;55.0;4.0;43
ADRENEX;shirt;men;399;997.5;598;60.0;3.9;144
NIKE;shirt;men;1621;2493.85;872;35.0;3.9;75
ADIDAS;shirt;men;799;1997.5;1198;60.0;4.2;42
ADIDAS;shirt;men;999;2497.5;1498;60.0;4.5;15
ADIDAS;shirt;men;1339;1998.51;659;33.0;3.9;90
REEBOK;shirt;men;629;998.41;369;37.0;4.1;534
Wildcraft;shirt;men;429;997.67;568;57.0;4.2;191
REEBOK;shirt;men;509;998.04;489;49.0;4.1;225
CHKOKKO;shirt;men;609;1194.12;585;49.0;4.0;385
NIKE;shirt;men;1894;2594.52;700;27.0;3.8;17
PUMA;shirt;men;1205;1798.51;593;33.0;4.5;53
NIKE;shirt;men;1237;1694.52;457;27.0;4.2;247
PUMA;shirt;men;863;1797.92;934;52.0;4.0;408
REEBOK;shirt;men;582;1098.11;516;47.0;4.0;290
asics;shirt;men;1299;1299.0;0;0.0;4.7;11
ADIDAS;shirt;men;1324;2498.11;1174;47.0;3.9;122
REEBOK;shirt;men;713;1398.04;685;49.0;3.9;61
Arrow;shirt;men;759;1997.37;1238;62.0;4.1;42
U.S.;shirt;men;1138;1698.51;560;33.0;4.1;11
NIKE;shirt;men;1049;1477.46;428;29.0;4.1;35
PUMA;shirt;men;1049;1777.97;728;41.0;4.0;1227
REEBOK;shirt;men;736;1098.51;362;33.0;4.2;284
ADIDAS;shirt;men;799;1997.5;1198;60.0;3.7;30
ADIDAS;shirt;men;1049;1979.25;930;47.0;4.1;134
ADIDAS;shirt;men;1339;1998.51;659;33.0;4.2;26
ADIDAS;shirt;men;900;1698.11;798;47.0;3.9;35
NIKE;shirt;men;1049;1477.46;428;29.0;3.8;244
Louis;shirt;men;1249;2498.0;1249;50.0;4.1;21
REEBOK;shirt;men;999;2497.5;1498;60.0;3.9;55
REEBOK;shirt;men;1049;1979.25;930;47.0;4.0;67
M7;shirt;men;495;1076.09;581;54.0;4.1;127
Byford;shirt;men;519;798.46;279;35.0;4.0;89
ADIDAS;shirt;men;2210;3298.51;1088;33.0;4.3;13
UNDER;shirt;men;1724;2298.67;574;25.0;4.6;41
ADIDAS;shirt;women;799;1192.54;393;33.0;4.2;68
PUMA;shirt;women;536;1276.19;740;58.0;4.1;71
ADIDAS;shirt;women;635;894.37;259;29.0;4.1;697
REEBOK;shirt;women;884;892.93;8;1.0;4.4;182
Ap'pulse;shirt;women;629;1747.22;1118;64.0;4.2;3156
PUMA;shirt;women;1499;1499.0;0;0.0;3.9;25
MODEVE;shirt;women;719;1382.69;663;48.0;4.2;8116
ADIDAS;shirt;women;887;1385.94;498;36.0;4.1;76
MODEVE;shirt;women;539;998.15;459;46.0;4.1;489
PUMA;shirt;women;553;1286.05;733;57.0;3.9;482
ADIDAS;shirt;women;882;1191.89;309;26.0;4.3;49
PUMA;shirt;women;804;1296.77;492;38.0;4.2;389
Ap'pulse;shirt;women;359;797.78;438;55.0;4.3;142
New;shirt;women;1013;2470.73;1457;59.0;4.4;23
PUMA;shirt;women;937;1767.92;830;47.0;4.3;53
asics;shirt;women;1397;1995.71;598;30.0;4.5;13
ADIDAS;shirt;women;1599;1599.0;0;0.0;4.1;14
NIKE;shirt;women;1470;1484.85;14;1.0;4.2;18
Ap'pulse;shirt;women;359;997.22;638;64.0;4.0;135
Ap'pulse;shirt;women;521;1042.0;521;50.0;4.1;6206
NIKE;shirt;women;1049;1477.46;428;29.0;4.3;12
ADIDAS;shirt;women;627;895.71;268;30.0;4.1;772
Ap'pulse;shirt;women;296;528.57;232;44.0;4.1;3905
REEBOK;shirt;women;1154;1697.06;543;32.0;4.9;9
ADIDAS;shirt;women;1275;1287.88;12;1.0;4.1;29
Ajile;shirt;women;324;498.46;174;35.0;4.2;292
NIKE;shirt;women;1695;1695.0;0;0.0;3.8;18
ADIDAS;shirt;women;963;1481.54;518;35.0;4.2;17
REEBOK;shirt;women;1411;2939.58;1528;52.0;4.1;13
Ajile;shirt;women;454;698.46;244;35.0;4.2;93
PUMA;shirt;women;683;1484.78;801;54.0;4.2;199
REEBOK;shirt;women;939;1490.48;551;37.0;4.3;11
CHKOKKO;shirt;women;449;997.78;548;55.0;3.8;249
ADIDAS;shirt;women;817;1571.15;754;48.0;4.2;115
MODEVE;shirt;women;799;1377.59;578;42.0;4.2;11118
MODEVE;shirt;women;799;1377.59;578;42.0;4.2;8116
Wildcraft;shirt;women;567;1181.25;614;52.0;4.3;146
Lovable;shirt;women;335;418.75;83;20.0;4.3;22
PUMA;shirt;women;730;1489.8;759;51.0;4.0;80
CHKOKKO;shirt;women;449;1181.58;732;62.0;4.0;282
CHKOKKO;shirt;women;549;1193.48;644;54.0;4.0;409
69GAL;shirt;women;768;1280.0;512;40.0;4.0;159
ADIDAS;shirt;women;1092;1495.89;403;27.0;3.8;36
Clovia;shirt;women;431;897.92;466;52.0;4.5;12
JOCKEY;shirt;women;479;479.0;0;0.0;4.3;518
HRX;shirt;women;317;1174.07;857;73.0;4.2;17
HRX;shirt;women;485;989.8;504;51.0;4.4;7
REEBOK;shirt;women;1037;1481.43;444;30.0;4.1;106
ALCIS;shirt;women;450;882.35;432;49.0;4.4;17
NIKE;shirt;women;1230;1983.87;753;38.0;4.7;29
Clovia;shirt;women;315;984.38;669;68.0;4.1;27
New;shirt;women;898;1995.56;1097;55.0;3.6;5
PUMA;shirt;women;1408;1497.87;89;6.0;4.0;80
PUMA;shirt;women;1055;1788.14;733;41.0;3.8;60
Ap'pulse;shirt;women;359;797.78;438;55.0;4.2;108
D-passion;shirt;women;399;798.0;399;50.0;3.4;17
UNDER;shirt;women;1931;3940.82;2009;51.0;4.6;10
NIKE;shirt;women;825;1964.29;1139;58.0;4.4;13
PEOPLE;shirt;women;440;785.71;345;44.0;4.0;156
DSWS;shirt;women;299;786.84;487;62.0;4.2;6
REEBOK;shirt;women;1483;2180.88;697;32.0;4.3;7
NIKE;shirt;women;1749;2776.19;1027;37.0;4.4;18
kipa;shirt;women;299;786.84;487;62.0;3.9;124
JOCKEY;shirt;women;479;515.05;36;7.0;4.3;826
LAYA;shirt;women;349;742.55;393;53.0;4.0;1304
PUMA;shirt;women;609;1087.5;478;44.0;4.1;54
Ap'pulse;shirt;women;539;1585.29;1046;66.0;4.3;264
FILA;shirt;women;1398;2588.89;1190;46.0;4.0;18
PUMA;shirt;women;790;1490.57;700;47.0;4.0;80
Ap'pulse;shirt;women;359;797.78;438;55.0;4.2;1659
NIKE;shirt;women;752;1392.59;640;46.0;4.0;70
S-BEAST;shirt;women;364;983.78;619;63.0;4.3;3
ALCIS;shirt;women;479;798.33;319;40.0;4.0;105
ALCIS;shirt;women;750;1470.59;720;49.0;4.2;9
REEBOK;shirt;women;649;998.46;349;35.0;4.4;44
Zelocity;shirt;women;626;894.29;268;30.0;3.5;4
PUMA;shirt;women;565;1284.09;719;56.0;3.9;30
REEBOK;shirt;women;1290;1984.62;694;35.0;4.7;3
REEBOK;shirt;women;736;1472.0;736;50.0;4.3;120
Ap'pulse;shirt;women;539;1585.29;1046;66.0;4.3;695
IAD;shirt;women;399;687.93;288;42.0;4.1;128
BLACK;shirt;women;319;398.75;79;20.0;4.3;12
PUMA;shirt;women;1766;1783.84;17;1.0;4.2;5
Lee;glasses;men;389;1296.67;907;70.0;4.1;897
ADRENEX;glasses;men;629;2995.24;2366;79.0;3.6;48
reavtek;glasses;men;175;795.45;620;78.0;3.5;130
VAST;glasses;men;799;2959.26;2160;73.0;3.1;10
PC;glasses;men;161;947.06;786;83.0;4.0;5
De-Ultimate;glasses;men;295;398.65;103;26.0;3.7;20
Style;glasses;men;399;997.5;598;60.0;3.8;13
GANSTA;glasses;men;395;2468.75;2073;84.0;3.9;18
funglasses;glasses;men;149;993.33;844;85.0;3.5;22
Stysol;glasses;men;351;688.24;337;49.0;3.6;703
D-Patron;glasses;men;599;2218.52;1619;73.0;4.1;43
PC;glasses;men;305;983.87;678;69.0;4.5;11
PC;glasses;men;632;1469.77;837;57.0;4.0;2
NuVew;glasses;men;238;767.74;529;69.0;3.7;1628
Irayz;glasses;men;349;997.14;648;65.0;4.0;11
NuVew;glasses;men;345;907.89;562;62.0;3.6;1947
Dannilo;glasses;men;320;969.7;649;67.0;3.4;16
GLAND;glasses;men;179;1052.94;873;83.0;3.9;57
ADRENEX;glasses;men;629;2995.24;2366;79.0;3.5;62
NuVew;glasses;men;298;903.03;605;67.0;3.6;1947
SHREE;glasses;men;269;548.98;279;51.0;3.2;6
ADRENEX;glasses;men;629;2995.24;2366;79.0;3.5;4
eyevy;glasses;men;197;492.5;295;60.0;3.6;27
TOUCH;glasses;men;159;496.88;337;68.0;3.7;3
eyevy;glasses;men;219;995.45;776;78.0;4.0;174
Skyways;glasses;men;199;737.04;538;73.0;3.5;451
VAST;glasses;men;799;2959.26;2160;73.0;3.1;10
Oneclickshopping;glasses;men;699;1294.44;595;46.0;3.5;11
AISLIN;glasses;men;698;2792.0;2094;75.0;4.0;3
hipe;glasses;men;154;1400.0;1246;89.0;3.7;6
Skyways;glasses;men;175;795.45;620;78.0;3.5;451
VAST;glasses;men;365;1659.09;1294;78.0;3.3;26
MOISH;glasses;men;328;1171.43;843;72.0;3.2;19
Arzonai;glasses;men;220;1294.12;1074;83.0;3.5;28
SBE;glasses;men;349;498.57;149;30.0;3.9;153
layd;glasses;men;221;960.87;739;77.0;3.7;38
TheWhoop;glasses;men;235;1068.18;833;78.0;4.0;7
Johaena;glasses;men;179;994.44;815;82.0;3.8;1452
eyevy;glasses;men;219;995.45;776;78.0;3.8;11
Xenops;glasses;men;229;995.65;766;77.0;3.6;8
Mango;glasses;men;284;591.67;307;52.0;3.7;7
Rich;glasses;men;416;990.48;574;58.0;3.1;68
Mundkar;glasses;men;244;497.96;253;51.0;3.3;35
Freny;glasses;men;299;1495.0;1196;80.0;3.6;14
Dannilo;glasses;men;180;947.37;767;81.0;3.7;62
Blue;glasses;men;149;496.67;347;70.0;3.8;6
eyevy;glasses;men;273;975.0;702;72.0;3.6;35
maxa;glasses;men;167;795.24;628;79.0;3.4;147
CRIBA;glasses;men;290;878.79;588;67.0;3.2;5
VAST;glasses;men;550;1571.43;1021;65.0;3.5;464
NIKE;shoes;women;3358;5416.13;2058;38.0;4.3;108
VENDOZ;shoes;women;599;998.33;399;40.0;4.0;1344
PUMA;shoes;women;1399;3997.14;2598;65.0;4.3;4557
Longwalk;shoes;women;449;997.78;548;55.0;4.1;5898
NIKE;shoes;women;2350;3671.88;1321;36.0;4.4;702
PUMA;shoes;women;1675;3489.58;1814;52.0;4.3;169
PUMA;shoes;women;2896;4993.1;2097;42.0;4.4;7
MILESWALKER;shoes;women;489;997.96;508;51.0;4.0;912
FLEXIFEET;shoes;women;375;986.84;611;62.0;4.4;29
ADIDAS;shoes;women;1806;3541.18;1735;49.0;4.1;56
PUMA;shoes;women;1905;3968.75;2063;52.0;4.4;76
SPARX;shoes;women;756;889.41;133;15.0;4.3;795
SPARX;shoes;women;899;998.89;99;10.0;4.2;448
LoveHush;shoes;women;436;990.91;554;56.0;4.1;2890
NIKE;shoes;women;2258;3641.94;1383;38.0;4.5;42
PUMA;shoes;women;5894;5953.54;59;1.0;3.6;8
Skechers;shoes;women;2122;4934.88;2812;57.0;4.4;680
CAMPUS;shoes;women;699;743.62;44;6.0;4.2;247
PUMA;shoes;women;1399;3997.14;2598;65.0;4.3;1762
Creattoes;shoes;women;478;995.83;517;52.0;4.1;864
Shozie;shoes;women;449;997.78;548;55.0;3.8;14765
REEBOK;shoes;women;1047;2094.0;1047;50.0;4.2;42
ADIDAS;shoes;women;2070;3980.77;1910;48.0;4.3;29
RINDAS;shoes;women;498;996.0;498;50.0;4.4;1315
NIKE;shoes;women;4885;7879.03;2994;38.0;4.7;12
NIKE;shoes;women;2065;3971.15;1906;48.0;4.4;1634
ASIAN;shoes;women;499;998.0;499;50.0;4.0;10081
SPARX;shoes;women;690;793.1;103;13.0;4.2;516
PUMA;shoes;women;1780;3787.23;2007;53.0;4.4;217
TECHNOFIT;shoes;women;589;998.31;409;41.0;4.2;15251
NIKE;shoes;women;2907;4927.12;2020;41.0;4.3;219
Skechers;shoes;women;3599;5998.33;2399;40.0;4.2;192
ASIAN;shoes;women;649;998.46;349;35.0;4.1;4766
Footox;shoes;women;599;1996.67;1397;70.0;4.0;234
NIKE;shoes;women;2713;5217.31;2504;48.0;3.8;30
CAMPUS;shoes;women;1299;1299.0;0;0.0;4.3;2410
NIKE;shoes;women;2409;4916.33;2507;51.0;4.2;308
SUKUN;shoes;women;499;998.0;499;50.0;4.0;16774
SPARX;shoes;women;940;989.47;49;5.0;4.2;448
ASIAN;shoes;women;999;1884.91;885;47.0;4.1;231
Myshtezia;shoes;women;345;985.71;640;65.0;4.0;198
SHOETOPIA;shoes;women;499;998.0;499;50.0;4.2;107
PUMA;shoes;women;1651;3439.58;1788;52.0;4.2;345
SPARX;shoes;women;679;692.86;13;2.0;4.3;7683
CAMPUS;shoes;women;1359;1698.75;339;20.0;4.1;702
Skechers;shoes;women;3000;5882.35;2882;49.0;4.4;304
CAMPUS;shoes;women;699;699.0;0;0.0;4.1;1862
asics;shoes;women;2250;4411.76;2161;49.0;4.2;21
ASIAN;shoes;women;364;498.63;134;27.0;3.9;6800
Skechers;shoes;women;3099;4998.39;1899;38.0;4.3;326
SPARX;shoes;women;872;1038.1;166;16.0;4.3;559
PUMA;shoes;women;1582;3955.0;2373;60.0;4.3;48
ADIDAS;shoes;women;2137;3561.67;1424;40.0;4.7;34
CAMPUS;shoes;women;849;893.68;44;5.0;4.2;2446
BELLA;shoes;women;599;998.33;399;40.0;4.1;37
asics;shoes;women;2496;5942.86;3446;58.0;4.1;89
PUMA;shoes;women;1672;2786.67;1114;40.0;4.5;130
PUMA;shoes;women;1535;4385.71;2850;65.0;4.2;1039
SPARX;shoes;women;865;1042.17;177;17.0;4.5;26
PUMA;shoes;women;1681;3430.61;1749;51.0;4.1;252
HimQuen;shoes;women;472;983.33;511;52.0;4.0;271
asics;shoes;women;2250;4411.76;2161;49.0;4.4;431
ADIDAS;shoes;women;2269;4538.0;2269;50.0;4.7;32
Longwalk;shoes;women;499;998.0;499;50.0;4.1;305
Skechers;shoes;women;5499;5499.0;0;0.0;4.3;121
PUMA;shoes;women;1435;2989.58;1554;52.0;4.3;307
NIKE;shoes;women;1909;3977.08;2068;52.0;4.3;514
ADIDAS;shoes;women;1475;2950.0;1475;50.0;4.6;16
Earth;shoes;women;454;986.96;532;54.0;4.1;110
PUMA;shoes;women;1849;3934.04;2085;53.0;4.3;409
CAMPUS;shoes;women;679;692.86;13;2.0;4.4;82
SPARX;shoes;women;875;1041.67;166;16.0;4.4;1391
REEBOK;shoes;women;1877;5072.97;3195;63.0;4.1;266
KLICKER;shoes;women;557;1591.43;1034;65.0;4.2;2717
Elevarse;shoes;women;429;794.44;365;46.0;3.7;54
REEBOK;shoes;women;1509;3772.5;2263;60.0;4.3;114
asics;shoes;women;1959;4897.5;2938;60.0;3.9;226
NIKE;shoes;women;2593;3989.23;1396;35.0;4.4;714
Bata;shoes;women;1049;1498.57;449;30.0;4.3;72
NIKE;shoes;women;3290;6854.17;3564;52.0;4.2;46
ADIDAS;shoes;women;3422;6580.77;3158;48.0;3.9;8
REEBOK;shoes;women;2008;4897.56;2889;59.0;3.7;38
PUMA;shoes;women;3104;6466.67;3362;52.0;5.0;5
SPARX;shoes;women;764;898.82;134;15.0;4.1;3789
NIKE;shoes;women;3164;6457.14;3293;51.0;3.9;18
PUMA;shoes;women;5499;5499.0;0;0.0;4.0;8
NIKE;shoes;women;3001;5884.31;2883;49.0;4.0;29
PUMA;shoes;women;4218;7400.0;3182;43.0;4.3;22
VENDOZ;shoes;women;599;998.33;399;40.0;4.1;606
NIKE;shoes;women;2738;5476.0;2738;50.0;4.0;115
SPARX;shoes;women;739;890.36;151;17.0;4.3;1308
CAMPUS;shoes;women;1799;1799.0;0;0.0;4.8;5
Skechers;shoes;women;2469;3798.46;1329;35.0;4.5;373
ADIDAS;shoes;women;1832;4260.47;2428;57.0;4.3;105
ADIDAS;shoes;women;3827;6598.28;2771;42.0;4.3;63
3SIX5;shoes;women;449;997.78;548;55.0;4.0;375
Shozie;shoes;women;429;997.67;568;57.0;3.5;36
SWIGGY;shoes;women;525;990.57;465;47.0;4.0;135
CAMPUS;shoes;women;1699;1788.42;89;5.0;4.8;5
REEBOK;shoes;women;2973;7432.5;4459;60.0;3.6;15
PUMA;shoes;women;3999;7998.0;3999;50.0;4.5;18
ADIDAS;shoes;women;2849;4998.25;2149;43.0;4.3;33
RED;shoes;women;1409;4696.67;3287;70.0;4.3;384
CAMPUS;shoes;women;749;796.81;47;6.0;4.2;143
CAMPUS;shoes;women;1410;1698.8;288;17.0;4.3;3036
WRIZT;shoes;women;449;997.78;548;55.0;4.2;29
CAMPUS;shoes;women;699;998.57;299;30.0;4.1;302
Skechers;shoes;women;2172;4432.65;2260;51.0;4.4;410
UNDER;shoes;women;3279;7997.56;4718;59.0;4.7;7
REEBOK;shoes;women;2089;5968.57;3879;65.0;4.4;69
Global;shoes;women;465;1550.0;1085;70.0;3.8;1427
WRIZT;shoes;women;449;997.78;548;55.0;3.8;337
PUMA;shoes;women;1909;2766.67;857;31.0;4.5;130
RAKREY;shoes;women;499;998.0;499;50.0;4.1;80
Dewizle;shoes;women;399;997.5;598;60.0;3.8;52
NIKE;shoes;women;4077;8674.47;4597;53.0;3.9;38
NIKE;shoes;women;2604;4913.21;2309;47.0;4.4;30
WellFitLook;lower;men;1193;1988.33;795;40.0;3.6;84
VIMAL;lower;men;867;1769.39;902;51.0;3.7;652
VIMAL;lower;men;536;893.33;357;40.0;3.7;15435
Young;lower;men;474;1481.25;1007;68.0;3.6;1674
NIKLY;lower;men;394;985.0;591;60.0;4.0;4
Wildcraft;lower;men;1039;1598.46;559;35.0;3.6;228
VIMAL;lower;men;536;893.33;357;40.0;3.8;886
WellFitLook;lower;men;560;767.12;207;27.0;3.2;2874
VIMAL;lower;men;536;893.33;357;40.0;3.7;15436
HRX;lower;men;841;1378.69;537;39.0;4.0;167
VIMAL;lower;men;867;2796.77;1929;69.0;3.5;432
Young;lower;men;474;1481.25;1007;68.0;3.6;346
Young;lower;men;779;2360.61;1581;67.0;3.5;1309
Christy;lower;men;699;1487.23;788;53.0;3.7;1044
VIMAL;lower;men;867;1769.39;902;51.0;3.9;219
status;lower;men;898;898.0;0;0.0;3.9;30
Hubberholme;lower;men;399;997.5;598;60.0;3.6;751
TSx;lower;men;284;1494.74;1210;81.0;3.4;26
JOCKEY;lower;men;799;799.0;0;0.0;4.2;8515
SAPPER;lower;men;1299;1779.45;480;27.0;4.0;1090
EDGGE;lower;men;475;931.37;456;49.0;3.9;16
SURLY;lower;men;592;1557.89;965;62.0;3.9;84
Zesteez;lower;men;449;1122.5;673;60.0;3.8;389
TRUE;lower;men;429;794.44;365;46.0;4.0;128
VIMAL;lower;men;1135;2639.53;1504;57.0;3.8;1208
Santa;lower;men;1499;2998.0;1499;50.0;4.4;30
star;lower;men;449;997.78;548;55.0;4.3;14
Sport;lower;men;899;1096.34;197;18.0;4.4;11
CLITHS;lower;men;1289;2997.67;1708;57.0;3.7;280
Teesort;lower;men;426;1638.46;1212;74.0;3.8;82
SHELLOCKS;lower;men;625;946.97;321;34.0;3.9;352
Santa;lower;men;1499;2998.0;1499;50.0;4.2;36
Hubberholme;lower;men;499;998.0;499;50.0;3.7;61
Finz;lower;men;339;997.06;658;66.0;3.9;324
TRUE;lower;men;429;794.44;365;46.0;4.0;128
Club;lower;men;515;1560.61;1045;67.0;4.1;47
Greenhouse;lower;men;437;693.65;256;37.0;3.7;2046
SHELLOCKS;lower;men;550;820.9;270;33.0;3.9;718
HARVARD;lower;men;857;1680.39;823;49.0;5.0;4
VIMAL;lower;men;1143;2658.14;1515;57.0;3.8;357
U.S.;lower;men;1299;1299.0;0;0.0;4.2;807
SURLY;lower;men;592;1557.89;965;62.0;4.0;1812
SHELLOCKS;lower;men;675;992.65;317;32.0;4.0;522
Greenhouse;lower;men;1187;2082.46;895;43.0;3.7;2046
VIMAL;lower;men;867;1769.39;902;51.0;3.8;352
RiverHill;lower;men;299;498.33;199;40.0;3.4;36
U.S.;lower;men;1399;1399.0;0;0.0;4.0;1414
VIMAL;lower;men;1135;2639.53;1504;57.0;3.9;225
Christy;lower;men;699;1487.23;788;53.0;3.8;548
U.S.;lower;men;999;999.0;0;0.0;3.9;582
Omtex;lower;men;709;824.42;115;14.0;4.5;44
Macroman;lower;men;799;897.75;98;11.0;4.3;42
CHECKERSBAY;lower;men;1273;2767.39;1494;54.0;4.0;854
Teesort;lower;men;474;1692.86;1218;72.0;3.9;23
WellFitLook;lower;men;596;784.21;188;24.0;3.7;49
Tinted;lower;men;540;1384.62;844;61.0;3.9;340
Greenhouse;lower;men;1187;2082.46;895;43.0;3.7;2046
SHAUN;lower;men;823;2654.84;1831;69.0;3.8;52
bEEVEE;lower;men;849;998.82;149;15.0;3.9;1830
WellFitLook;lower;men;975;1598.36;623;39.0;3.4;306
Zesteez;lower;men;449;997.78;548;55.0;3.8;66
SHELLOCKS;lower;men;699;699.0;0;0.0;4.0;93
CLITHS;lower;men;1289;2997.67;1708;57.0;3.4;37
SHELLOCKS;lower;men;700;1029.41;329;32.0;4.0;522
Mountain;lower;men;1499;3944.74;2445;62.0;3.8;153
CAMPUS;lower;men;695;1198.28;503;42.0;3.5;89
VAN;lower;men;1955;2273.26;318;14.0;4.3;3
Greenhouse;lower;men;1187;2082.46;895;43.0;4.1;126
CAMPUS;lower;men;695;1198.28;503;42.0;3.5;12
CAMPUS;lower;men;695;1198.28;503;42.0;3.4;10
CAMPUS;lower;men;695;1198.28;503;42.0;3.3;20
CAMPUS;lower;men;695;1198.28;503;42.0;3.8;31
Sport;lower;men;1049;2098.0;1049;50.0;3.3;9
CAMPUS;lower;men;695;1198.28;503;42.0;3.9;14
WellFitLook;lower;men;799;1094.52;295;27.0;3.2;302
Greenhouse;lower;men;388;692.86;304;44.0;3.6;2418
WellFitLook;lower;men;668;1484.44;816;55.0;3.3;498
SHELLOCKS;lower;men;625;946.97;321;34.0;3.9;352
CAMPUS;lower;men;695;1198.28;503;42.0;3.9;31
Haoser;lower;women;799;1775.56;976;55.0;3.6;34
UZARUS;lower;women;449;1181.58;732;62.0;3.9;1524
Kissero;lower;women;499;792.06;293;37.0;3.8;8
Kissero;lower;women;499;792.06;293;37.0;4.4;7
VIMAL;lower;women;819;1780.43;961;54.0;3.9;78
SWEEKASH;lower;women;485;989.8;504;51.0;3.8;727
SWEEKASH;lower;women;988;1976.0;988;50.0;3.8;1581
onesport;lower;women;599;1198.0;599;50.0;4.2;237
BARBIE;lower;women;750;1470.59;720;49.0;4.6;5
Colors;lower;women;459;997.83;538;54.0;3.8;214
American-Elm;lower;women;439;997.73;558;56.0;3.6;619
Alan;lower;women;599;1274.47;675;53.0;4.1;1416
UNDER;lower;women;2710;3763.89;1053;28.0;4.0;10
eCools;lower;women;379;997.37;618;62.0;4.1;29
SHELLOCKS;lower;women;585;975.0;390;40.0;3.7;51
Aglobi;lower;women;297;990.0;693;70.0;3.6;101
UNDER;lower;women;2791;3987.14;1196;30.0;3.6;21
Yuvraah;lower;women;839;2996.43;2157;72.0;4.2;566
M;lower;women;349;997.14;648;65.0;3.7;256
UZARUS;lower;women;499;1188.1;689;58.0;3.8;95
Lovable;lower;women;426;698.36;272;39.0;4.2;74
krishnafit;lower;women;283;1572.22;1289;82.0;3.4;263
HRX;lower;women;927;2060.0;1133;55.0;3.6;22
Crease;lower;women;461;1589.66;1128;71.0;3.4;83
FILMAXÂ®;lower;women;545;598.9;53;9.0;4.0;285
Haoser;lower;women;839;1678.0;839;50.0;3.9;44
MODEVE;lower;women;479;1197.5;718;60.0;4.1;753
SHELLOCKS;lower;women;585;975.0;390;40.0;3.7;51
Be;lower;women;499;1018.37;519;51.0;4.1;10
Lesuzaki;lower;women;499;792.06;293;37.0;4.6;9
CLITHS;lower;women;799;1948.78;1149;59.0;4.1;16
Kissero;lower;women;499;792.06;293;37.0;4.1;19
ASDF;lower;women;698;1994.29;1296;65.0;4.0;56
Lady;lower;women;599;1198.0;599;50.0;3.6;124
American-Elm;lower;women;498;996.0;498;50.0;3.6;619
SWEEKASH;lower;women;988;1976.0;988;50.0;3.8;1581
69GAL;lower;women;493;795.16;302;38.0;4.0;1455
krishnafit;lower;women;349;1586.36;1237;78.0;3.4;263
ALCIS;lower;women;650;1274.51;624;49.0;4.0;7
Lady;lower;women;599;1198.0;599;50.0;3.4;120
SWEEKASH;lower;women;938;1995.74;1057;53.0;3.8;168
DIAZ;lower;women;689;1060.0;371;35.0;3.8;98
CAMPUS;lower;women;768;1280.0;512;40.0;3.5;11
American-Elm;lower;women;449;997.78;548;55.0;3.8;68
69GAL;lower;women;823;1959.52;1136;58.0;4.2;336
69GAL;lower;women;823;1959.52;1136;58.0;4.2;336
VIMAL;lower;women;536;893.33;357;40.0;3.4;1417
UZARUS;lower;women;499;1188.1;689;58.0;3.8;95
SWEEKASH;lower;women;988;1976.0;988;50.0;3.8;1581
onesport;lower;women;649;1324.49;675;51.0;3.7;21
VIMAL;lower;women;536;893.33;357;40.0;3.5;217
onesport;lower;women;650;984.85;334;34.0;4.0;90
American-Elm;lower;women;498;996.0;498;50.0;3.7;442
onesport;lower;women;545;698.72;153;22.0;3.5;254
American-Elm;lower;women;495;990.0;495;50.0;3.7;389
onesport;lower;women;650;1382.98;732;53.0;3.4;14
onesport;lower;women;545;648.81;103;16.0;3.6;223
American-Elm;lower;women;799;1700.0;901;53.0;3.3;15
CLITHS;lower;women;1249;2548.98;1299;51.0;3.8;10
SWEEKASH;lower;women;539;998.15;459;46.0;3.8;727
krishnafit;lower;women;349;1586.36;1237;78.0;3.4;263
MODEVE;lower;women;639;1486.05;847;57.0;4.0;52338
SWEEKASH;lower;women;540;1173.91;633;54.0;3.9;233
CAYMAN;lower;women;847;1694.0;847;50.0;3.6;5
Colors;lower;women;449;898.0;449;50.0;3.4;259
collkart;lower;women;599;798.67;199;25.0;3.8;6
American-Elm;lower;women;495;990.0;495;50.0;4.1;19
Cottinfab;lower;women;549;1614.71;1065;66.0;3.5;11
TT;lower;women;413;536.36;123;23.0;3.9;1193
Kissero;lower;women;499;792.06;293;37.0;4.0;12
SWEEKASH;lower;women;564;989.47;425;43.0;3.0;10
American-Elm;lower;women;495;990.0;495;50.0;3.8;274
American-Elm;lower;women;498;996.0;498;50.0;3.6;619
Kifayati;lower;kids;371;1196.77;825;69.0;3.7;746
ZERO;lower;kids;450;450.0;0;0.0;4.0;21
SOUTHTREE;lower;kids;699;1270.91;571;45.0;4.2;1309
Alan;lower;kids;521;1085.42;564;52.0;4.2;366
Kifayati;lower;kids;629;1497.62;868;58.0;3.7;2179
SHAUN;lower;kids;823;2165.79;1342;62.0;3.8;36
Tiddly;lower;kids;380;883.72;503;57.0;3.9;150
SOUTHTREE;lower;kids;899;1473.77;574;39.0;4.2;389
XN;lower;kids;300;652.17;352;54.0;4.2;5
SHELLOCKS;lower;kids;285;300.0;15;5.0;3.9;152
LOVO;lower;kids;325;650.0;325;50.0;5.0;2
SHAUN;lower;kids;1098;3327.27;2229;67.0;3.8;61
69GAL;lower;kids;823;1582.69;759;48.0;4.3;138
SHAUN;lower;kids;493;1332.43;839;63.0;4.0;187
ADIDAS;lower;kids;689;4593.33;3904;85.0;3.7;11
SHAUN;lower;kids;823;1192.75;369;31.0;4.1;928
SHAUN;lower;kids;481;981.63;500;51.0;3.9;72
SHAUN;lower;kids;768;768.0;0;0.0;4.0;312
Mitwa;lower;kids;1199;2497.92;1298;52.0;4.2;175
F09;lower;kids;699;4992.86;4293;86.0;4.5;19
HRX;lower;kids;632;1469.77;837;57.0;4.3;34
Basis;lower;kids;599;2495.83;1896;76.0;4.2;223
SOUTHTREE;lower;kids;999;1783.93;784;44.0;4.2;389
VIMAL;lower;kids;686;1758.97;1072;61.0;3.5;17
69GAL;lower;kids;493;1332.43;839;63.0;4.1;22
SHELLOCKS;lower;kids;332;349.47;17;5.0;4.1;22
Sweeta;lower;kids;549;1098.0;549;50.0;3.9;9
SHELLOCKS;lower;kids;308;324.21;16;5.0;3.9;152
SHELLOCKS;lower;kids;308;324.21;16;5.0;3.9;41
SHELLOCKS;lower;kids;418;440.0;22;5.0;3.9;41
SHAUN;lower;kids;493;986.0;493;50.0;4.0;141
VIMAL;lower;kids;721;2670.37;1949;73.0;4.2;78
SHELLOCKS;lower;kids;313;329.47;16;5.0;3.5;43
SHELLOCKS;lower;kids;285;300.0;15;5.0;3.9;41
Rizzly;watch;men;629;2419.23;1790;74.0;4.3;78
Carson;watch;men;299;1495.0;1196;80.0;3.7;1819
LOIS;watch;men;314;1847.06;1533;83.0;4.1;167992
SKMEI;watch;men;392;1633.33;1241;76.0;4.2;47907
LOIS;watch;men;314;1847.06;1533;83.0;4.0;50421
LOIS;watch;men;314;1847.06;1533;83.0;4.1;5192
Fastrack;watch;men;1399;2185.94;786;36.0;4.4;8998
SONATA;watch;men;499;499.0;0;0.0;4.2;37553
VRAKISH;watch;men;240;960.0;720;75.0;3.4;373
SSA;watch;men;295;983.33;688;70.0;4.0;21117
Happy;watch;men;499;499.0;0;0.0;4.1;176
SKMEI;watch;men;443;1476.67;1033;70.0;3.9;4533
SONATA;watch;men;725;725.0;0;0.0;4.0;8322
Fastrack;watch;men;1756;2195.0;439;20.0;4.3;23597
FOXTER;watch;men;199;995.0;796;80.0;4.1;22
Rizzly;watch;men;379;2368.75;1989;84.0;4.0;319
Edith;watch;men;275;398.55;123;31.0;4.2;1477
SONATA;watch;men;1099;1099.0;0;0.0;4.1;53
SKMEI;watch;men;483;1463.64;980;67.0;3.8;378
hala;watch;men;320;969.7;649;67.0;4.0;1081
ANALOGUE;watch;men;279;1468.42;1189;81.0;3.9;24507
CASIO;watch;men;6396;7995.0;1599;20.0;4.5;2044
Acnos;watch;men;299;1495.0;1196;80.0;3.7;31
LIMESTONE;watch;men;599;3993.33;3394;85.0;4.2;8703
Rizzly;watch;men;199;1243.75;1044;84.0;4.1;2398
LIMESTONE;watch;men;331;1947.06;1616;83.0;4.0;74
CASIO;watch;men;7036;8795.0;1759;20.0;4.6;488
Happy;watch;men;759;1488.24;729;49.0;4.2;48
LOIS;watch;men;314;1847.06;1533;83.0;4.0;50420
AWEX;watch;men;474;1975.0;1501;76.0;4.3;257
CASADO;watch;men;331;1439.13;1108;77.0;4.0;17060
CASIO;watch;men;3235;3594.44;359;10.0;4.2;475
CASIO;watch;men;6156;8794.29;2638;30.0;4.5;634
SSA;watch;men;390;1444.44;1054;73.0;4.3;19
Benling;watch;men;494;1764.29;1270;72.0;4.1;616
CASIO;watch;men;7915;9422.62;1507;16.0;4.4;325
SKMEI;watch;men;395;1462.96;1067;73.0;3.7;73
Sylvi;watch;men;859;1997.67;1138;57.0;4.1;6112
Lizzy;watch;men;289;996.55;707;71.0;3.9;75
FASHION;watch;men;149;677.27;528;78.0;4.0;169
CASIO;watch;men;3235;3594.44;359;10.0;4.3;414
M7;watch;men;616;2933.33;2317;79.0;3.7;363
CASIO;watch;men;7596;9495.0;1899;20.0;4.5;449
ANALOGUE;watch;men;279;1468.42;1189;81.0;3.9;24497
Cameron;watch;men;289;996.55;707;71.0;4.0;6
SSA;watch;men;325;984.85;659;67.0;3.9;621
Glamexy;watch;men;339;691.84;352;51.0;3.6;225
TOMMY;watch;men;5700;9500.0;3800;40.0;4.1;146
Fastrack;watch;men;1880;2350.0;470;20.0;4.3;23597
Rizzly;watch;men;199;1243.75;1044;84.0;3.6;83
SKMEI;watch;men;497;1461.76;964;66.0;3.8;662
Wrogn;watch;men;835;1988.1;1153;58.0;4.0;66
Piaoma;watch;men;539;2450.0;1911;78.0;3.8;11
CASIO;watch;men;1210;1344.44;134;10.0;4.1;527
SKMEI;watch;men;379;1895.0;1516;80.0;4.2;964
SF;watch;men;499;499.0;0;0.0;4.5;50
AB;watch;men;299;996.67;697;70.0;3.9;2956
CASIO;watch;men;4196;5994.29;1798;30.0;4.3;22
WHITE;watch;men;303;797.37;494;62.0;3.9;79
CASIO;watch;men;2396;2995.0;599;20.0;4.1;454
Fastrack;watch;men;3116;3895.0;779;20.0;4.3;505
TOMMY;watch;men;5034;8989.29;3955;44.0;4.4;40
Wrogn;watch;men;1044;2485.71;1441;58.0;3.6;11
V2A;watch;men;990;1980.0;990;50.0;4.0;15
SF;watch;men;1399;1399.0;0;0.0;4.4;487
SCUDERIA;watch;men;5272;10759.18;5487;51.0;4.3;381
SKMEI;watch;men;364;596.72;232;39.0;3.8;23
CASIO;watch;men;6996;9994.29;2998;30.0;4.5;102
M7;watch;men;658;2990.91;2332;78.0;4.1;159
Lugano;watch;men;333;1447.83;1114;77.0;4.1;102
LOIS;watch;men;539;2994.44;2455;82.0;4.0;3870
CASIO;watch;men;2965;3294.44;329;10.0;4.2;70
SSA;watch;men;284;979.31;695;71.0;4.0;21115
SKMEI;watch;men;353;1961.11;1608;82.0;3.9;2411
LOREM;watch;men;369;997.3;628;63.0;3.8;130
CASIO;watch;men;3595;3994.44;399;10.0;4.0;93
LIMESTONE;watch;men;314;1962.5;1648;84.0;3.9;134
Sylvi;watch;men;557;1989.29;1432;72.0;4.0;369
ZIIIN;watch;men;285;838.24;553;66.0;3.5;127
iCome;watch;men;488;1478.79;990;67.0;4.1;225
SSA;watch;men;284;979.31;695;71.0;4.0;21117
SONATA;watch;women;1282;1424.44;142;10.0;4.4;735
Miss;watch;women;199;865.22;666;77.0;3.6;284
CASIO;watch;women;3846;5494.29;1648;30.0;4.1;21
Rizzly;watch;women;359;1495.83;1136;76.0;4.1;1615
Happy;watch;women;297;495.0;198;40.0;3.9;52
Glamexy;watch;women;349;698.0;349;50.0;4.0;41
CASIO;watch;women;8495;8495.0;0;0.0;3.7;7
rofl;watch;women;299;1245.83;946;76.0;3.8;247
SETCOS;watch;women;222;965.22;743;77.0;3.6;22
VRAKISH;watch;women;240;960.0;720;75.0;3.4;373
SKMEI;watch;women;386;1484.62;1098;74.0;4.1;18895
MR;watch;women;319;996.88;677;68.0;4.1;123
MR;watch;women;997;1294.81;297;23.0;3.7;46
KIPRUN;watch;women;1424;1498.95;74;5.0;4.4;19
LOIS;watch;women;249;1778.57;1529;86.0;3.9;353
SKMEI;watch;women;377;1450.0;1073;74.0;4.2;13
SHIPKART;watch;women;199;497.5;298;60.0;3.4;49
FOXTER;watch;women;249;1245.0;996;80.0;3.7;126
Chronorex;watch;women;299;1423.81;1124;79.0;4.2;58
Praizy;watch;women;359;997.22;638;64.0;4.8;4
SF;watch;women;580;725.0;145;20.0;4.5;35
LAVISHABLE;watch;women;249;498.0;249;50.0;3.5;11
SHOPIFY;watch;women;316;332.63;16;5.0;3.8;607
Florida;watch;women;299;343.68;44;13.0;3.8;47
BOBO;watch;women;309;1287.5;978;76.0;3.9;704
lifestyle;watch;women;299;1196.0;897;75.0;3.8;6
FL;watch;women;180;666.67;486;73.0;3.4;42
SKMEI;watch;women;287;652.27;365;56.0;3.5;580
POCO;watch;women;309;882.86;573;65.0;3.4;23
X;watch;women;320;1280.0;960;75.0;3.9;19
V2A;watch;women;749;1498.0;749;50.0;3.9;63
time;watch;women;247;494.0;247;50.0;3.4;36
BOBO;watch;women;298;1295.65;997;77.0;3.4;9
CASIO;watch;women;7495;7495.0;0;0.0;4.4;24
Aurex;watch;women;319;1678.95;1359;81.0;4.1;361
ZIIIN;watch;women;285;838.24;553;66.0;3.5;127
Crysta;watch;women;245;298.78;53;18.0;3.6;27
X;watch;women;320;1280.0;960;75.0;3.9;19
FL;watch;women;199;663.33;464;70.0;3.4;42
CASIO;watch;women;4196;5994.29;1798;30.0;4.7;19
CASIO;watch;women;7596;9495.0;1899;20.0;4.3;6
HARMI;watch;women;229;880.77;651;74.0;3.8;16
SF;watch;women;2799;2799.0;0;0.0;3.6;29
SKMEI;watch;women;410;1952.38;1542;79.0;3.5;11
HEAVEN;watch;women;339;997.06;658;66.0;4.5;142
V2A;watch;women;795;1472.22;677;46.0;4.2;13
Monocal;watch;women;345;1277.78;932;73.0;3.3;6
BOBO;watch;women;204;886.96;682;77.0;4.4;9
Blue;watch;women;249;996.0;747;75.0;4.1;598
SHOPIFY;watch;women;449;554.32;105;19.0;3.8;17
CASIO;watch;women;6296;8994.29;2698;30.0;5.0;5
Benling;watch;women;719;3423.81;2704;79.0;4.2;44
AGOG;watch;women;259;1295.0;1036;80.0;3.6;56
CASIO;watch;women;7645;8494.44;849;10.0;3.4;5
Goodlike;watch;women;339;997.06;658;66.0;3.9;251
SKMEI;watch;women;792;1885.71;1093;58.0;3.9;137
CASIO;watch;women;6646;9494.29;2848;30.0;4.6;19
Standard;watch;women;314;981.25;667;68.0;4.0;74
Benling;watch;women;719;3423.81;2704;79.0;4.2;44
CASIO;watch;women;7495;7495.0;0;0.0;4.3;25
Solomon;watch;women;292;1717.65;1425;83.0;3.8;103
Zanques;watch;women;329;783.33;454;58.0;3.9;25
Rizzly;watch;women;629;2419.23;1790;74.0;4.2;509
Acnos;watch;women;399;1995.0;1596;80.0;4.1;131
MAAN;watch;women;249;996.0;747;75.0;4.0;456
BOBO;watch;women;204;886.96;682;77.0;4.3;16
Lizzy;watch;women;249;996.0;747;75.0;4.2;117
CASIO;watch;women;7495;7495.0;0;0.0;4.6;41
FenTox;watch;women;249;592.86;343;58.0;3.8;161
SHVAS;watch;women;238;495.83;257;52.0;5.0;1
Benling;watch;women;899;3457.69;2558;74.0;4.0;20
Cameron;watch;women;199;995.0;796;80.0;3.6;31
FOUR;sandal;men;549;1568.57;1019;65.0;3.7;4863
SPARX;sandal;men;819;998.78;179;18.0;4.2;15265
SPARX;sandal;men;588;691.76;103;15.0;4.2;36497
REEBOK;sandal;men;851;2239.47;1388;62.0;4.2;2101
SPARX;sandal;men;472;524.44;52;10.0;4.2;24890
aadi;sandal;men;349;997.14;648;65.0;3.8;19292
ADIDAS;sandal;men;1465;2989.8;1524;51.0;4.2;457
Fabbmate;sandal;men;579;1484.62;905;61.0;4.1;101
Kzaara;sandal;men;227;493.48;266;54.0;3.9;406
Wildcraft;sandal;men;1019;2547.5;1528;60.0;4.2;168
RED;sandal;men;1294;2352.73;1058;45.0;3.9;1710
SPARX;sandal;men;748;890.48;142;16.0;4.0;3999
Density;sandal;men;429;997.67;568;57.0;4.0;26705
CAMPUS;sandal;men;529;594.38;65;11.0;4.0;1378
PUMA;sandal;men;1035;2464.29;1429;58.0;4.1;708
ADIDAS;sandal;men;1047;1975.47;928;47.0;3.8;417
WOODLAND;sandal;men;3238;3270.71;32;1.0;3.5;606
PUMA;sandal;men;1047;2492.86;1445;58.0;4.1;8415
Furo;sandal;men;933;1244.0;311;25.0;4.0;163
Wildcraft;sandal;men;1136;2840.0;1704;60.0;4.3;211
KANEGGYE;sandal;men;189;675.0;486;72.0;4.0;113
SPARX;sandal;men;649;791.46;142;18.0;4.2;9304
Black;sandal;men;449;997.78;548;55.0;3.6;1384
ADIDAS;sandal;men;1047;1975.47;928;47.0;3.8;418
WOODLAND;sandal;men;3295;3295.0;0;0.0;4.1;3764
PUMA;sandal;men;1047;1975.47;928;47.0;4.2;116
Deny;sandal;men;239;497.92;258;52.0;3.6;292
REPEATZ;sandal;men;259;681.58;422;62.0;3.8;380
Furo;sandal;men;1036;1295.0;259;20.0;4.1;10
SPARX;sandal;men;782;898.85;116;13.0;4.1;540
Deny;sandal;men;249;498.0;249;50.0;5.0;4
PUMA;sandal;men;1047;2276.09;1229;54.0;4.1;8415
WOODLAND;sandal;men;2156;2874.67;718;25.0;4.2;14
SPARX;sandal;men;489;543.33;54;10.0;4.1;39654
WOODLAND;sandal;men;2456;2480.81;24;1.0;3.8;86
ADIDAS;sandal;men;1413;2770.59;1357;49.0;4.1;159
CAMPUS;sandal;men;529;594.38;65;11.0;4.0;1378
ADIDAS;sandal;men;2099;2998.57;899;30.0;4.3;621
LANCER;sandal;men;649;649.0;0;0.0;4.1;14979
SPARX;sandal;men;737;898.78;161;18.0;4.1;2387
SPARX;sandal;men;839;892.55;53;6.0;4.2;77
CROCS;sandal;men;2995;2995.0;0;0.0;4.2;659
PUMA;sandal;men;899;1997.78;1098;55.0;3.9;5488
ADIDAS;sandal;men;2112;3579.66;1467;41.0;4.0;21
PUMA;sandal;men;1047;2492.86;1445;58.0;4.3;45
PUMA;sandal;men;1025;2440.48;1415;58.0;4.0;1262
CAMPUS;sandal;men;699;743.62;44;6.0;4.0;30
PUMA;sandal;men;1839;2298.75;459;20.0;4.1;232
REEBOK;sandal;men;1047;2553.66;1506;59.0;4.1;141
SPARX;sandal;men;617;693.26;76;11.0;4.0;804
SPARX;sandal;men;799;897.75;98;11.0;4.0;56558
Bucik;sandal;men;569;1962.07;1393;71.0;3.0;13
PUMA;sandal;men;600;1935.48;1335;69.0;4.2;607
REEBOK;sandal;men;1402;2861.22;1459;51.0;3.9;18
NIKE;sandal;men;3146;4494.29;1348;30.0;3.7;85
PUMA;sandal;men;1399;1998.57;599;30.0;4.0;3240
PU-OZONE;sandal;men;244;976.0;732;75.0;4.1;110
REEBOK;sandal;men;977;1993.88;1016;51.0;3.8;161
STRIKER;sandal;men;628;647.42;19;3.0;3.5;25
WOODLAND;sandal;men;3095;3774.39;679;18.0;4.1;522
PROVOGUE;sandal;men;564;1175.0;611;52.0;4.2;636
iD;sandal;men;1298;2884.44;1586;55.0;4.4;12
ASIAN;sandal;men;539;998.15;459;46.0;3.8;760
ASIAN;sandal;men;539;998.15;459;46.0;3.8;760
Blue;sandal;men;284;591.67;307;52.0;3.5;35
SPARX;sandal;men;599;935.94;336;36.0;4.3;69
SPARX;sandal;men;860;1048.78;188;18.0;4.1;104
Deny;sandal;men;249;498.0;249;50.0;3.6;292
ASIAN;sandal;men;616;993.55;377;38.0;3.6;132
REEBOK;sandal;men;1047;2755.26;1708;62.0;4.0;362
SPARX;sandal;men;669;796.43;127;16.0;4.1;24094
WOODLAND;sandal;men;1643;2784.75;1141;41.0;3.9;224
WALKAROO;sandal;men;539;539.0;0;0.0;4.1;44
AUSTINJUSTIN;sandal;men;299;996.67;697;70.0;4.0;7
STRIKER;sandal;men;703;889.87;186;21.0;4.1;32
newebit;sandal;women;648;1296.0;648;50.0;3.5;4
SPARX;sandal;women;719;798.89;79;10.0;4.3;471
NIKE;sandal;women;2091;3945.28;1854;47.0;4.1;11
Furo;sandal;women;918;1020.0;102;10.0;3.5;2
SHOEBUCKS;sandal;women;599;998.33;399;40.0;4.2;68
SPARX;sandal;women;759;798.95;39;5.0;4.2;55
REEBOK;sandal;women;1574;2498.41;924;37.0;4.0;938
Ganuchi;sandal;women;588;1896.77;1308;69.0;3.9;42
SPARX;sandal;women;725;725.0;0;0.0;4.2;59
SPARX;sandal;women;664;698.95;34;5.0;4.3;836
Fsports;sandal;women;902;939.58;37;4.0;3.4;12
AAPNI;sandal;women;249;498.0;249;50.0;3.7;65
New;sandal;women;625;1275.51;650;51.0;3.8;51
SPARX;sandal;women;725;725.0;0;0.0;4.2;59
TWIN;sandal;women;419;544.16;125;23.0;4.0;72
CROCS;sandal;women;1746;2494.29;748;30.0;4.2;711
POWER;sandal;women;799;799.0;0;0.0;4.6;5
Rimboll;sandal;women;549;1193.48;644;54.0;4.2;83
RimboIl;sandal;women;625;1275.51;650;51.0;4.2;27
PUMA;sandal;women;1499;1998.67;499;25.0;3.8;5690
Fsports;sandal;women;902;939.58;37;4.0;4.2;51
SPARX;sandal;women;754;897.62;143;16.0;3.8;422
TWIN;sandal;women;419;544.16;125;23.0;4.0;72
Khadim's;sandal;women;839;1198.57;359;30.0;4.2;25
Rimboll;sandal;women;549;1193.48;644;54.0;4.2;83
POWER;sandal;women;799;799.0;0;0.0;4.3;669
SPARX;sandal;women;628;668.09;40;6.0;4.3;836
tattooz;sandal;kid;299;786.84;487;62.0;3.8;344
CAMPUS;sandal;kid;549;549.0;0;0.0;4.3;936
CAMPUS;sandal;kid;499;499.0;0;0.0;4.0;235
Dapper;sandal;kid;269;597.78;328;55.0;3.8;5
CAMPUS;sandal;kid;569;569.0;0;0.0;4.0;236
CAMPUS;sandal;kid;439;439.0;0;0.0;4.1;647
claptrap;sandal;kid;199;497.5;298;60.0;3.7;113
Coolz;sandal;kid;299;498.33;199;40.0;4.3;61
NEOBABY;sandal;kid;249;498.0;249;50.0;4.0;411
Elecant;sandal;kid;239;497.92;258;52.0;4.7;3
Lucy;sandal;kid;349;498.57;149;30.0;4.2;136
VKC;sandal;kid;219;219.0;0;0.0;3.2;17
SPARX;sandal;kid;785;792.93;7;1.0;4.2;924
ASIAN;sandal;kid;549;596.74;47;8.0;4.1;161
CAMPUS;sandal;kid;649;649.0;0;0.0;4.4;121
CAMPUS;sandal;kid;465;465.0;0;0.0;4.2;110
CAMPUS;sandal;kid;442;460.42;18;4.0;4.3;53
LIBERTY;sandal;kid;549;549.0;0;0.0;4.2;311
claptrap;sandal;kid;199;497.5;298;60.0;3.8;158
Frozen;sandal;kid;285;791.67;506;64.0;3.7;132
DISNEY;sandal;kid;599;1198.0;599;50.0;4.1;328
ASIAN;sandal;kid;549;596.74;47;8.0;3.9;107
FLYLO;sandal;kid;199;497.5;298;60.0;4.0;362
Dapper;sandal;kid;309;594.23;285;48.0;4.0;63
Footfun;sandal;kid;404;448.89;44;10.0;4.2;22
ASIAN;sandal;kid;549;596.74;47;8.0;4.1;321
tattooz;sandal;kid;349;793.18;444;56.0;4.1;184
CAMPUS;sandal;kid;439;439.0;0;0.0;3.7;77
TRYME;sandal;kid;202;696.55;494;71.0;3.4;73
LIBERTY;sandal;kid;299;398.67;99;25.0;3.9;37
Tuskey;sandal;kid;799;897.75;98;11.0;3.9;22
CAMPUS;sandal;kid;429;429.0;0;0.0;4.1;109
Happy;sandal;kid;499;3838.46;3339;87.0;4.2;18
LEVOT;sandal;kid;255;490.38;235;48.0;4.2;5
CROCS;sandal;kid;1795;1795.0;0;0.0;4.0;22
CAMPUS;sandal;kid;399;399.0;0;0.0;3.5;26
tattooz;sandal;kid;349;793.18;444;56.0;4.4;14
CAMPUS;sandal;kid;429;429.0;0;0.0;3.9;67
tattooz;sandal;kid;349;698.0;349;50.0;4.1;184
LIBERTY;sandal;kid;599;599.0;0;0.0;4.3;61
Lucy;sandal;kid;599;599.0;0;0.0;4.1;149
CAMPUS;sandal;kid;399;399.0;0;0.0;3.8;38
Frozen;sandal;kid;699;998.57;299;30.0;4.3;145
LNG;sandal;kid;599;1576.32;977;62.0;4.2;45
Bubblegummers;sandal;kid;699;699.0;0;0.0;4.3;39
BARBIE;sandal;kid;479;798.33;319;40.0;3.8;235
CAMPUS;sandal;kid;375;375.0;0;0.0;4.5;11
BamBino;sandal;kid;299;398.67;99;25.0;4.8;4
BARBIE;sandal;kid;399;498.75;99;20.0;4.6;19
CAMPUS;sandal;kid;459;459.0;0;0.0;4.0;276
CAMPUS;sandal;kid;664;698.95;34;5.0;4.0;26
CROCS;sandal;kid;1596;1995.0;399;20.0;4.1;39
DORA;sandal;kid;559;798.57;239;30.0;3.9;52
CAMPUS;sandal;kid;459;459.0;0;0.0;4.1;672
MARVEL;sandal;kid;719;998.61;279;28.0;4.1;254
claptrap;sandal;kid;399;798.0;399;50.0;4.0;62
